delta,v_c [cm/s]
-45.0,364.9417850849916
-53.0,404.58765017871644
-55.0,288.48057912526457
-50.0,432.2985221718871
-40.0,293.37980379810415
-30.0,210.8259740528734
